variant,n,k_correct,accuracy,wilson_95_ci_low,wilson_95_ci_high,p_vs_chance_0.25
E_PLUS,3,3,1.0,0.43850296824495444,1.0,0.015625
E_MINUS,4,4,1.0,0.5101091635454025,1.0,0.00390625
O_PLUS,3,3,1.0,0.43850296824495444,1.0,0.015625
O_MINUS,3,0,0.0,0.0,0.5614970317550455,1.0
OVERALL,13,10,0.7692307692307693,0.497436240532725,0.9182047128150144,0.00012612342834472656
