n_target_messages,n_correct,accuracy,binom_p_vs_chance_0.25
91,63,0.6923076923076923,9.758176097466667e-19
